curriculum vitae europass,100
curriculum europass,100
curriculum vitae editar,46
cv curriculum vitae,37
cv,36
curriculum vitae europass editar,34
curriculum vitae gratis,31
curriculo vitae,29
curriculo,29
curriculum vitae modelo,26
curriculum vitae grátis,25
fazer curriculum vitae,21
cv europass,19
curriculum vitae europeu,18
curriculum vitae portugal,17
currículo,16
currículo vitae,16
curriculum vitae pdf,16
curriculum vitae online,14
exemplos curriculum vitae,13
como fazer curriculum vitae,11
curriculum vitae 2025,Breakout
cv maker free,Breakout
como fazer um curriculum vitae simples,+500%
currículo online grátis,+190%
modelos de curriculum vitae,+130%
modelos curriculum vitae,+70%
curriculum vitae editar,+60%
como fazer curriculum vitae,+60%
modelo de curriculum vitae,+60%
curriculum vitae modelo,+60%
curriculum vitae europass editar,+50%
curriculum vitae modelo europeu,+50%
europass editar,+50%
curriculum vitae europeu,+40%

